{
  "width": 512,
  "height": 234,
  "cell_count": 119808,
  "bounds": {
    "south": 39.59774,
    "north": 41.69979000000001,
    "west": 68.99960000000002,
    "east": 73.59897000000001
  },
  "domains": {
    "h7": {
      "lo": 44.91,
      "hi": 59.49
    },
    "h14": {
      "lo": 47.73,
      "hi": 62.57
    },
    "ndvi": {
      "lo": 0.005,
      "hi": 0.687
    },
    "moisture": {
      "lo": 0.156,
      "hi": 0.392
    }
  }
}